"","Rank","Bib","Name","Nation","Sexo","Date","Time","WMTRC","Race"
"1","1",25,"Blandine LHIRONDEL","FRA","Female",2022-11-05,08:22:14,"Amazing Thailand","Long Trail Race"
"2","2",63,"Ida NILSSON","SWE","Female",2022-11-05,08:34:59,"Amazing Thailand","Long Trail Race"
"3","3",17,"Gemma ARENAS ALCAZAR","ESP","Female",2022-11-05,08:46:27,"Amazing Thailand","Long Trail Race"
"4","4",32,"Eszter CSILLAG","HUN","Female",2022-11-05,08:49:24,"Amazing Thailand","Long Trail Race"
"5","5",29,"Rosanna BUCHAUER","GER","Female",2022-11-05,08:50:45,"Amazing Thailand","Long Trail Race"
"6","6",26,"Audrey TANGUY","FRA","Female",2022-11-05,08:51:57,"Amazing Thailand","Long Trail Race"
"7","7",24,"Marion DELESPIERRE","FRA","Female",2022-11-05,08:51:57,"Amazing Thailand","Long Trail Race"
"8","8",19,"Maite MAYORA ELIZONDO","ESP","Female",2022-11-05,08:56:40,"Amazing Thailand","Long Trail Race"
"9","9",37,"Giuditta TURINI","ITA","Female",2022-11-05,09:00:05,"Amazing Thailand","Long Trail Race"
"10","10",50,"Sunmaya BUDHA","NEP","Female",2022-11-05,09:00:28,"Amazing Thailand","Long Trail Race"
"11","11",64,"Emma POOLEY","SUI","Female",2022-11-05,09:05:08,"Amazing Thailand","Long Trail Race"
"12","12",55,"Sylvia NORDSKAR","NOR","Female",2022-11-05,09:06:43,"Amazing Thailand","Long Trail Race"
"13","13",22,"Johanna ANTILA","FIN","Female",2022-11-05,09:07:09,"Amazing Thailand","Long Trail Race"
"14","14",40,"Honoka AKIYAMA","JPN","Female",2022-11-05,09:09:20,"Amazing Thailand","Long Trail Race"
"15","15",20,"Marta MOLIST CODINA","ESP","Female",2022-11-05,09:10:14,"Amazing Thailand","Long Trail Race"
"16","16",27,"Jocelyne PAULY","FRA","Female",2022-11-05,09:14:20,"Amazing Thailand","Long Trail Race"
"17","17",57,"Katarzyna WILK","POL","Female",2022-11-05,09:14:59,"Amazing Thailand","Long Trail Race"
"18","18",54,"Mari Klakegg FENRE","NOR","Female",2022-11-05,09:15:16,"Amazing Thailand","Long Trail Race"
"19","19",80,"Leah YINGLING","USA","Female",2022-11-05,09:16:28,"Amazing Thailand","Long Trail Race"
"20","20",23,"Manon BOHARD CAILLER","FRA","Female",2022-11-05,09:23:24,"Amazing Thailand","Long Trail Race"
"21","21",28,"Laure PARADAN","FRA","Female",2022-11-05,09:25:30,"Amazing Thailand","Long Trail Race"
"22","22",58,"Katarzyna SOLIŃSKA","POL","Female",2022-11-05,09:27:54,"Amazing Thailand","Long Trail Race"
"23","23",36,"Camilla SPAGNOL","ITA","Female",2022-11-05,09:30:52,"Amazing Thailand","Long Trail Race"
"24","24",79,"Kaytlyn GERBIN","USA","Female",2022-11-05,09:33:08,"Amazing Thailand","Long Trail Race"
"25","25",38,"Alessandra BOIFAVA","ITA","Female",2022-11-05,09:35:11,"Amazing Thailand","Long Trail Race"
"26","26",21,"Monica VIVES VILA","ESP","Female",2022-11-05,09:36:06,"Amazing Thailand","Long Trail Race"
"27","27",77,"Brittany CHARBONEAU","USA","Female",2022-11-05,09:43:52,"Amazing Thailand","Long Trail Race"
"28","28",52,"Sara-Rebekka Færø LINDE","NOR","Female",2022-11-05,09:46:49,"Amazing Thailand","Long Trail Race"
"29","29",75,"Katie KAARS SIJPESTEIJN","GBR","Female",2022-11-05,09:47:35,"Amazing Thailand","Long Trail Race"
"30","30",12,"Esther FELLHOFER","AUT","Female",2022-11-05,09:54:44,"Amazing Thailand","Long Trail Race"
"31","31",31,"Man Yee CHEUNG","HKG","Female",2022-11-05,09:57:49,"Amazing Thailand","Long Trail Race"
"32","32",61,"Inês MARQUES","POR","Female",2022-11-05,09:58:02,"Amazing Thailand","Long Trail Race"
"33","33",18,"Azara GARCIA DE LOS SALMONES MARCANO","ESP","Female",2022-11-05,10:18:24,"Amazing Thailand","Long Trail Race"
"34","34",74,"Meryl COOPER","GBR","Female",2022-11-05,10:21:34,"Amazing Thailand","Long Trail Race"
"35","35",7,"Sarah LUDOWICI","AUS","Female",2022-11-05,10:22:25,"Amazing Thailand","Long Trail Race"
"36","36",62,"Paula BARBOSA","POR","Female",2022-11-05,10:27:45,"Amazing Thailand","Long Trail Race"
"37","37",47,"Inga CIMARMANAITĖ","LTU","Female",2022-11-05,10:32:20,"Amazing Thailand","Long Trail Race"
"38","38",60,"Cristina ARREIOL","POR","Female",2022-11-05,10:40:33,"Amazing Thailand","Long Trail Race"
"39","39",78,"Addie BRACY","USA","Female",2022-11-05,10:40:42,"Amazing Thailand","Long Trail Race"
"40","40",1,"Adriana Vanesa VARGAS","ARG","Female",2022-11-05,10:43:32,"Amazing Thailand","Long Trail Race"
"41","41",2,"Anabel OVIEDO ZELARRAYAN","ARG","Female",2022-11-05,10:43:47,"Amazing Thailand","Long Trail Race"
"42","42",56,"Dominika STELMACH","POL","Female",2022-11-05,10:48:16,"Amazing Thailand","Long Trail Race"
"43","43",8,"Louise CLIFTON","AUS","Female",2022-11-05,10:56:40,"Amazing Thailand","Long Trail Race"
"44","44",42,"Laura ČAKLE","LAT","Female",2022-11-05,10:59:17,"Amazing Thailand","Long Trail Race"
"45","45",30,"Ying Suet LEUNG","HKG","Female",2022-11-05,11:02:28,"Amazing Thailand","Long Trail Race"
"46","46",9,"Jessica SCHLUTER","AUS","Female",2022-11-05,11:05:40,"Amazing Thailand","Long Trail Race"
"47","47",45,"Gitana AKMANAVIČIŪTĖ","LTU","Female",2022-11-05,11:09:47,"Amazing Thailand","Long Trail Race"
"48","48",5,"Maria Silvina PEREZ","ARG","Female",2022-11-05,11:19:55,"Amazing Thailand","Long Trail Race"
"49","49",6,"Maria Belen BARRERA","ARG","Female",2022-11-05,11:19:55,"Amazing Thailand","Long Trail Race"
"50","50",11,"Gillian FOWLER","AUS","Female",2022-11-05,11:22:49,"Amazing Thailand","Long Trail Race"
"51","51",59,"Lucinda SOUSA","POR","Female",2022-11-05,11:26:46,"Amazing Thailand","Long Trail Race"
"52","52",13,"Joannie DESROCHES","CAN","Female",2022-11-05,11:32:19,"Amazing Thailand","Long Trail Race"
"53","53",14,"Maïka LAMOUREUX","CAN","Female",2022-11-05,11:32:22,"Amazing Thailand","Long Trail Race"
"54","54",71,"Benjamas CHOTEMATEEPIROM","THA","Female",2022-11-05,11:37:37,"Amazing Thailand","Long Trail Race"
"55","55",34,"Rannveig ODDSDOTTIR","ISL","Female",2022-11-05,11:39:41,"Amazing Thailand","Long Trail Race"
"56","56",53,"Thea HANSSEN","NOR","Female",2022-11-05,11:45:09,"Amazing Thailand","Long Trail Race"
"57","57",48,"Marija PIPIRAITĖ-GRUMBINĖ","LTU","Female",2022-11-05,11:52:14,"Amazing Thailand","Long Trail Race"
"58","58",33,"Elisabet MARGEIRSDOTTIR","ISL","Female",2022-11-05,11:53:42,"Amazing Thailand","Long Trail Race"
"59","59",10,"Fan XIANG","AUS","Female",2022-11-05,11:54:43,"Amazing Thailand","Long Trail Race"
"60","60",68,"Jatupornpunoot PUTTHAJUNYA","THA","Female",2022-11-05,11:56:38,"Amazing Thailand","Long Trail Race"
"61","61",4,"Carolina Tania DIAZ ESTEVEZ","ARG","Female",2022-11-05,11:57:41,"Amazing Thailand","Long Trail Race"
"62","62",3,"Maira Valeria MARDONES","ARG","Female",2022-11-05,12:06:22,"Amazing Thailand","Long Trail Race"
"63","63",82,"Phichanan MAHACHOT","THA","Female",2022-11-05,12:07:39,"Amazing Thailand","Long Trail Race"
"64","64",72,"Phichamon RUKSAKUL","THA","Female",2022-11-05,12:08:52,"Amazing Thailand","Long Trail Race"
"65","65",66,"Hsiu-Ching CHEN","TPE","Female",2022-11-05,12:20:01,"Amazing Thailand","Long Trail Race"
"66","66",70,"Chonlada KAPPIYANOND","THA","Female",2022-11-05,12:41:19,"Amazing Thailand","Long Trail Race"
"67","67",44,"Elīna JOKUMA","LAT","Female",2022-11-05,12:59:14,"Amazing Thailand","Long Trail Race"
"68","68",35,"Theresia RUTH","INA","Female",2022-11-05,13:00:45,"Amazing Thailand","Long Trail Race"
"69","69",41,"Ilze LIMANĀNE","LAT","Female",2022-11-05,13:07:08,"Amazing Thailand","Long Trail Race"
"70","70",65,"Hsiao-Hui LO","TPE","Female",2022-11-05,13:19:09,"Amazing Thailand","Long Trail Race"
"71","71",43,"Elīna KABAĻINA","LAT","Female",2022-11-05,14:35:34,"Amazing Thailand","Long Trail Race"
"72","72",67,"Wen-Ya TSAI","TPE","Female",2022-11-05,15:07:12,"Amazing Thailand","Long Trail Race"
"73","DNF",16,"Daniela LASSO","ECU","Female",2022-11-05,NA,"Amazing Thailand","Long Trail Race"
"74","DNF",49,"Sally Ann YAP YU ING","MAS","Female",2022-11-05,NA,"Amazing Thailand","Long Trail Race"
"75","DNF",73,"Olena KHASHKO","UKR","Female",2022-11-05,NA,"Amazing Thailand","Long Trail Race"
"76","DNS",15,"Marcela VAŠÍNOVÁ","CZE","Female",2022-11-05,NA,"Amazing Thailand","Long Trail Race"
"77","DNS",51,"Henriette ALBON","NOR","Female",2022-11-05,NA,"Amazing Thailand","Long Trail Race"
"78","DNS",76,"Jennifer LICHTER","USA","Female",2022-11-05,NA,"Amazing Thailand","Long Trail Race"
"79","1",207,"Adam PETERMAN","USA","Male",2022-11-05,07:15:54,"Amazing Thailand","Long Trail Race"
"80","2",130,"Nicolas MARTIN","FRA","Male",2022-11-05,07:28:44,"Amazing Thailand","Long Trail Race"
"81","3",148,"Andreas REITERER","ITA","Male",2022-11-05,07:36:50,"Amazing Thailand","Long Trail Race"
"82","4",126,"Jose Angel FERNANDEZ JIMENEZ","ESP","Male",2022-11-05,07:39:20,"Amazing Thailand","Long Trail Race"
"83","5",124,"Aritz EGEA CACERES","ESP","Male",2022-11-05,07:48:42,"Amazing Thailand","Long Trail Race"
"84","6",133,"Thibaut GARRIVIER","FRA","Male",2022-11-05,07:50:13,"Amazing Thailand","Long Trail Race"
"85","7",206,"Eric LIPUMA","USA","Male",2022-11-05,07:52:13,"Amazing Thailand","Long Trail Race"
"86","8",182,"Peter FRAŇO","SVK","Male",2022-11-05,07:53:07,"Amazing Thailand","Long Trail Race"
"87","9",170,"Didrik Grytbak HERMANSEN","NOR","Male",2022-11-05,07:53:42,"Amazing Thailand","Long Trail Race"
"88","10",135,"Paul MATHOU","FRA","Male",2022-11-05,07:53:47,"Amazing Thailand","Long Trail Race"
"89","11",204,"Harry JONES","GBR","Male",2022-11-05,07:54:10,"Amazing Thailand","Long Trail Race"
"90","12",185,"Ramon MANETSCH","SUI","Male",2022-11-05,07:55:18,"Amazing Thailand","Long Trail Race"
"91","13",181,"Raul Octavian BUTACI","ROU","Male",2022-11-05,07:57:35,"Amazing Thailand","Long Trail Race"
"92","14",208,"Jeff COLT","USA","Male",2022-11-05,07:58:24,"Amazing Thailand","Long Trail Race"
"93","15",132,"Martin KERN","FRA","Male",2022-11-05,07:59:53,"Amazing Thailand","Long Trail Race"
"94","16",150,"Yuya KAWASAKI","JPN","Male",2022-11-05,08:01:18,"Amazing Thailand","Long Trail Race"
"95","17",145,"Davide CHERAZ","ITA","Male",2022-11-05,08:03:48,"Amazing Thailand","Long Trail Race"
"96","18",137,"Benedikt HOFFMANN","GER","Male",2022-11-05,08:07:17,"Amazing Thailand","Long Trail Race"
"97","19",180,"Andrei PREDA","ROU","Male",2022-11-05,08:08:13,"Amazing Thailand","Long Trail Race"
"98","20",147,"Riccardo MONTANI","ITA","Male",2022-11-05,08:09:12,"Amazing Thailand","Long Trail Race"
"99","21",151,"Hirokazu NISHIMURA","JPN","Male",2022-11-05,08:11:12,"Amazing Thailand","Long Trail Race"
"100","22",184,"Simen Hjalmar WÄSTLUND","SWE","Male",2022-11-05,08:11:54,"Amazing Thailand","Long Trail Race"
"101","23",127,"Marcos RAMOS GONZALEZ","ESP","Male",2022-11-05,08:14:55,"Amazing Thailand","Long Trail Race"
"102","24",131,"Ludovic POMMERET","FRA","Male",2022-11-05,08:16:50,"Amazing Thailand","Long Trail Race"
"103","25",146,"Francesco CUCCO","ITA","Male",2022-11-05,08:17:39,"Amazing Thailand","Long Trail Race"
"104","26",173,"Kamil LEŚNIAK","POL","Male",2022-11-05,08:21:06,"Amazing Thailand","Long Trail Race"
"105","27",121,"Mads LOURING","DEN","Male",2022-11-05,08:23:15,"Amazing Thailand","Long Trail Race"
"106","28",134,"Arthur JOYEUX BOUILLON","FRA","Male",2022-11-05,08:26:08,"Amazing Thailand","Long Trail Race"
"107","29",186,"Martin LUSTENBERGER","SUI","Male",2022-11-05,08:26:49,"Amazing Thailand","Long Trail Race"
"108","30",176,"Miguel ARSÉNIO","POR","Male",2022-11-05,08:28:36,"Amazing Thailand","Long Trail Race"
"109","31",114,"Jean-Philippe THIBODEAU","CAN","Male",2022-11-05,08:30:05,"Amazing Thailand","Long Trail Race"
"110","32",138,"Ho Chung WONG","HKG","Male",2022-11-05,08:31:00,"Amazing Thailand","Long Trail Race"
"111","33",153,"Yutaro YOKOUCHI","JPN","Male",2022-11-05,08:32:40,"Amazing Thailand","Long Trail Race"
"112","34",203,"George FOSTER","GBR","Male",2022-11-05,08:34:19,"Amazing Thailand","Long Trail Race"
"113","35",168,"Anders Johnny KJÆREVIK","NOR","Male",2022-11-05,08:35:18,"Amazing Thailand","Long Trail Race"
"114","36",172,"Paweł CZERNIAK","POL","Male",2022-11-05,08:35:32,"Amazing Thailand","Long Trail Race"
"115","37",149,"Matteo ANSELMI","ITA","Male",2022-11-05,08:35:46,"Amazing Thailand","Long Trail Race"
"116","38",167,"Tom Erik HALVORSEN","NOR","Male",2022-11-05,08:37:06,"Amazing Thailand","Long Trail Race"
"117","39",205,"Ryan SMITH","GBR","Male",2022-11-05,08:38:38,"Amazing Thailand","Long Trail Race"
"118","40",143,"Patrick O'LEARY","IRL","Male",2022-11-05,08:41:59,"Amazing Thailand","Long Trail Race"
"119","41",152,"Satoru SUGA","JPN","Male",2022-11-05,08:43:01,"Amazing Thailand","Long Trail Race"
"120","42",139,"Thorbergur Ingi JONSSON","ISL","Male",2022-11-05,08:45:47,"Amazing Thailand","Long Trail Race"
"121","43",165,"Weston HILL","NZL","Male",2022-11-05,08:46:01,"Amazing Thailand","Long Trail Race"
"122","44",122,"Kristian JOERGENSEN","DEN","Male",2022-11-05,08:46:57,"Amazing Thailand","Long Trail Race"
"123","45",125,"Borja FERNANDEZ FERNANDEZ","ESP","Male",2022-11-05,08:47:37,"Amazing Thailand","Long Trail Race"
"124","46",128,"Juuso SIMPANEN","FIN","Male",2022-11-05,08:48:03,"Amazing Thailand","Long Trail Race"
"125","47",106,"Joshua CHUGG","AUS","Male",2022-11-05,08:48:36,"Amazing Thailand","Long Trail Race"
"126","48",129,"Jussi NOKELAINEN","FIN","Male",2022-11-05,08:49:35,"Amazing Thailand","Long Trail Race"
"127","49",175,"Hugo GONÇALVES","POR","Male",2022-11-05,08:49:53,"Amazing Thailand","Long Trail Race"
"128","50",178,"Valentin TOMA","ROU","Male",2022-11-05,08:54:19,"Amazing Thailand","Long Trail Race"
"129","51",183,"Marián PRIADKA","SVK","Male",2022-11-05,08:58:23,"Amazing Thailand","Long Trail Race"
"130","52",171,"Tomasz SKUPIEŃ","POL","Male",2022-11-05,09:02:16,"Amazing Thailand","Long Trail Race"
"131","53",209,"Adam MERRY","USA","Male",2022-11-05,09:02:42,"Amazing Thailand","Long Trail Race"
"132","54",174,"Bruno SOUSA","POR","Male",2022-11-05,09:03:09,"Amazing Thailand","Long Trail Race"
"133","55",169,"Sebastian KROGVIK","NOR","Male",2022-11-05,09:04:06,"Amazing Thailand","Long Trail Race"
"134","56",105,"Matthew CREHAN","AUS","Male",2022-11-05,09:12:23,"Amazing Thailand","Long Trail Race"
"135","57",116,"David JEKER","CAN","Male",2022-11-05,09:13:20,"Amazing Thailand","Long Trail Race"
"136","58",154,"Gvido KALNIŅŠ","LAT","Male",2022-11-05,09:13:30,"Amazing Thailand","Long Trail Race"
"137","59",102,"Jesus Antonio BARROSO AGÜERO","ARG","Male",2022-11-05,09:13:36,"Amazing Thailand","Long Trail Race"
"138","60",194,"Jantaraboon KIANGCHAIPAIPHANA","THA","Male",2022-11-05,09:14:51,"Amazing Thailand","Long Trail Race"
"139","61",142,"Dwi Kurniawan RISQI","INA","Male",2022-11-05,09:17:40,"Amazing Thailand","Long Trail Race"
"140","62",104,"Franco Hernan ORO","ARG","Male",2022-11-05,09:21:00,"Amazing Thailand","Long Trail Race"
"141","63",119,"Henrik WESTERLIN","DEN","Male",2022-11-05,09:23:26,"Amazing Thailand","Long Trail Race"
"142","64",103,"Facundo Alejo NUÑER","ARG","Male",2022-11-05,09:23:42,"Amazing Thailand","Long Trail Race"
"143","65",120,"Jesper MEINS","DEN","Male",2022-11-05,09:28:24,"Amazing Thailand","Long Trail Race"
"144","66",164,"Luis Efrain URBINA","MEX","Male",2022-11-05,09:28:57,"Amazing Thailand","Long Trail Race"
"145","67",123,"Alexander OLIVO","ECU","Male",2022-11-05,09:31:03,"Amazing Thailand","Long Trail Race"
"146","68",177,"Carlos FERREIRA","POR","Male",2022-11-05,09:31:43,"Amazing Thailand","Long Trail Race"
"147","69",118,"Luis Esteban SOTO AYAMANTE","CHI","Male",2022-11-05,09:34:32,"Amazing Thailand","Long Trail Race"
"148","70",163,"Oswaldo Yair PEREDO","MEX","Male",2022-11-05,09:34:42,"Amazing Thailand","Long Trail Race"
"149","71",159,"Edvardas MOSEIKA","LTU","Male",2022-11-05,09:40:46,"Amazing Thailand","Long Trail Race"
"150","72",140,"Thorsteinn Roy JOHANNSSON","ISL","Male",2022-11-05,09:42:22,"Amazing Thailand","Long Trail Race"
"151","73",195,"Atthapol INTAJAK","THA","Male",2022-11-05,09:43:14,"Amazing Thailand","Long Trail Race"
"152","74",107,"Majell BACKHAUSEN","AUS","Male",2022-11-05,09:45:51,"Amazing Thailand","Long Trail Race"
"153","75",197,"Krisada THONGJIB","THA","Male",2022-11-05,09:46:29,"Amazing Thailand","Long Trail Race"
"154","76",161,"Milton AMAT","MAS","Male",2022-11-05,09:50:40,"Amazing Thailand","Long Trail Race"
"155","77",160,"Laurynas REMEIKA","LTU","Male",2022-11-05,09:50:40,"Amazing Thailand","Long Trail Race"
"156","78",101,"Luciano PILATTI","ARG","Male",2022-11-05,09:57:00,"Amazing Thailand","Long Trail Race"
"157","79",144,"Riccardo BORGIALLI","ITA","Male",2022-11-05,09:57:10,"Amazing Thailand","Long Trail Race"
"158","80",201,"Oleksii MELNYK","UKR","Male",2022-11-05,10:04:26,"Amazing Thailand","Long Trail Race"
"159","81",108,"Thomas DADE","AUS","Male",2022-11-05,10:13:05,"Amazing Thailand","Long Trail Race"
"160","82",158,"Donatas KOJALA","LTU","Male",2022-11-05,10:23:53,"Amazing Thailand","Long Trail Race"
"161","83",141,"Sigurjon Ernir STURLUSON","ISL","Male",2022-11-05,10:34:15,"Amazing Thailand","Long Trail Race"
"162","84",156,"Matīss VECVAGARIS","LAT","Male",2022-11-05,10:37:44,"Amazing Thailand","Long Trail Race"
"163","85",192,"Yi-Lin CHUNG","TPE","Male",2022-11-05,10:53:44,"Amazing Thailand","Long Trail Race"
"164","86",196,"Sanya KHANCHAI","THA","Male",2022-11-05,10:57:53,"Amazing Thailand","Long Trail Race"
"165","87",117,"Matt TRIBE","CAN","Male",2022-11-05,11:07:24,"Amazing Thailand","Long Trail Race"
"166","88",110,"Wouter VERHEYEN","BEL","Male",2022-11-05,11:27:02,"Amazing Thailand","Long Trail Race"
"167","89",200,"Bogdan ONYSCHENKO","UKR","Male",2022-11-05,11:40:35,"Amazing Thailand","Long Trail Race"
"168","90",190,"Tsai-Tsung CHEN","TPE","Male",2022-11-05,11:43:19,"Amazing Thailand","Long Trail Race"
"169","91",198,"Yotchai CHAIPROMMA","THA","Male",2022-11-05,12:07:39,"Amazing Thailand","Long Trail Race"
"170","92",189,"Shih-Hsuan CHEN","TPE","Male",2022-11-05,12:17:10,"Amazing Thailand","Long Trail Race"
"171","93",157,"Ramūnas GRUMBINAS","LTU","Male",2022-11-05,12:19:47,"Amazing Thailand","Long Trail Race"
"172","94",428,"Kristo HALME","FIN","Male",2022-11-05,12:20:20,"Amazing Thailand","Long Trail Race"
"173","95",191,"Yen-Tsung CHEN","TPE","Male",2022-11-05,12:22:55,"Amazing Thailand","Long Trail Race"
"174","96",193,"Jia-Horng GAU","TPE","Male",2022-11-05,13:00:01,"Amazing Thailand","Long Trail Race"
"175","97",109,"Elmir ASKAROV","AZE","Male",2022-11-05,13:15:59,"Amazing Thailand","Long Trail Race"
"176","98",111,"Jean-Luc PUONG","CAM","Male",2022-11-05,13:41:41,"Amazing Thailand","Long Trail Race"
"177","99",112,"Richard VOILQUIN","CAM","Male",2022-11-05,14:33:23,"Amazing Thailand","Long Trail Race"
"178","100",113,"Saroeun KIM","CAM","Male",2022-11-05,14:40:30,"Amazing Thailand","Long Trail Race"
"179","DNF",166,"Tobias Dahl FENRE","NOR","Male",2022-11-05,NA,"Amazing Thailand","Long Trail Race"
"180","DNS",179,"Catalin SORECAU","ROU","Male",2022-11-05,NA,"Amazing Thailand","Long Trail Race"
"181","DNS",187,"Martin ANTHAMATTEN","SUI","Male",2022-11-05,NA,"Amazing Thailand","Long Trail Race"
"182","DNS",202,"Tom EVANS","GBR","Male",2022-11-05,NA,"Amazing Thailand","Long Trail Race"
"183","1",352,"Denisa Ionela DRAGOMIR","ROU","Female",2022-11-05,03:49:24,"Amazing Thailand","Short Trail Race"
"184","2",378,"Barbora MACUROVÁ","CZE","Female",2022-11-05,03:51:22,"Amazing Thailand","Short Trail Race"
"185","3",356,"Emilia BRANGEFÄLT","SWE","Female",2022-11-05,03:54:53,"Amazing Thailand","Short Trail Race"
"186","4",320,"Nuria GIL CLAPERA","ESP","Female",2022-11-05,03:56:25,"Amazing Thailand","Short Trail Race"
"187","5",317,"Sheila AVILES CASTAÑO","ESP","Female",2022-11-05,03:56:39,"Amazing Thailand","Short Trail Race"
"188","6",332,"Fabiola CONTI","ITA","Female",2022-11-05,03:57:10,"Amazing Thailand","Short Trail Race"
"189","7",373,"Kimber MATTOX","USA","Female",2022-11-05,03:57:40,"Amazing Thailand","Short Trail Race"
"190","8",366,"Eleanor DAVIS","GBR","Female",2022-11-05,03:58:06,"Amazing Thailand","Short Trail Race"
"191","9",369,"Sharon TAYLOR","GBR","Female",2022-11-05,04:01:28,"Amazing Thailand","Short Trail Race"
"192","10",319,"Julia FONT GOMEZ","ESP","Female",2022-11-05,04:02:41,"Amazing Thailand","Short Trail Race"
"193","11",374,"Ashley BRASOVAN","USA","Female",2022-11-05,04:04:05,"Amazing Thailand","Short Trail Race"
"194","12",324,"Mathilde SAGNES","FRA","Female",2022-11-05,04:05:55,"Amazing Thailand","Short Trail Race"
"195","13",372,"Stevie KREMER","USA","Female",2022-11-05,04:06:56,"Amazing Thailand","Short Trail Race"
"196","14",336,"Takako TAKAMURA","JPN","Female",2022-11-05,04:07:13,"Amazing Thailand","Short Trail Race"
"197","15",322,"Anna-Stiina ERKKILÄ","FIN","Female",2022-11-05,04:07:55,"Amazing Thailand","Short Trail Race"
"198","16",333,"Chiara GIOVANDO","ITA","Female",2022-11-05,04:08:44,"Amazing Thailand","Short Trail Race"
"199","17",327,"Esther EUSTACHE","FRA","Female",2022-11-05,04:08:59,"Amazing Thailand","Short Trail Race"
"200","18",368,"Nichola JACKSON","GBR","Female",2022-11-05,04:11:00,"Amazing Thailand","Short Trail Race"
"201","19",318,"Anna COMET PASCUA","ESP","Female",2022-11-05,04:12:39,"Amazing Thailand","Short Trail Race"
"202","20",335,"Camilla MAGLIANO","ITA","Female",2022-11-05,04:13:24,"Amazing Thailand","Short Trail Race"
"203","21",329,"Andrea KOLBEINSDOTTIR","ISL","Female",2022-11-05,04:14:08,"Amazing Thailand","Short Trail Race"
"204","22",367,"Catriona GRAVES","GBR","Female",2022-11-05,04:16:22,"Amazing Thailand","Short Trail Race"
"205","23",310,"Barbora JÍŠOVÁ","CZE","Female",2022-11-05,04:16:41,"Amazing Thailand","Short Trail Race"
"206","24",355,"Johanna GELFGREN","SWE","Female",2022-11-05,04:17:26,"Amazing Thailand","Short Trail Race"
"207","25",371,"Kristina MASCARENAS","USA","Female",2022-11-05,04:18:22,"Amazing Thailand","Short Trail Race"
"208","26",357,"Ariane WILHEM","SUI","Female",2022-11-05,04:18:46,"Amazing Thailand","Short Trail Race"
"209","27",313,"Ulrikke EVENSEN","DEN","Female",2022-11-05,04:19:14,"Amazing Thailand","Short Trail Race"
"210","28",325,"Louise SERBAN PENHOAT","FRA","Female",2022-11-05,04:20:13,"Amazing Thailand","Short Trail Race"
"211","29",306,"Paige LINEGAR","AUS","Female",2022-11-05,04:20:15,"Amazing Thailand","Short Trail Race"
"212","30",350,"Marisa VIEIRA","POR","Female",2022-11-05,04:24:33,"Amazing Thailand","Short Trail Race"
"213","31",323,"Anaïs SABRIE","FRA","Female",2022-11-05,04:25:55,"Amazing Thailand","Short Trail Race"
"214","32",321,"Virginia PEREZ MESONERO","ESP","Female",2022-11-05,04:27:24,"Amazing Thailand","Short Trail Race"
"215","33",334,"Ivana IOZZIA","ITA","Female",2022-11-05,04:32:27,"Amazing Thailand","Short Trail Race"
"216","34",363,"Hanna DARMOHRAI","UKR","Female",2022-11-05,04:32:37,"Amazing Thailand","Short Trail Race"
"217","35",301,"Roxana FLORES","ARG","Female",2022-11-05,04:33:10,"Amazing Thailand","Short Trail Race"
"218","36",348,"Inês JOÃO","POR","Female",2022-11-05,04:33:19,"Amazing Thailand","Short Trail Race"
"219","37",326,"Candice FERTIN","FRA","Female",2022-11-05,04:34:06,"Amazing Thailand","Short Trail Race"
"220","38",349,"Mariana MACHADO","POR","Female",2022-11-05,04:36:01,"Amazing Thailand","Short Trail Race"
"221","39",312,"Lucie ŠACLOVÁ","CZE","Female",2022-11-05,04:36:50,"Amazing Thailand","Short Trail Race"
"222","40",304,"Maria Ines CHRESTIA","ARG","Female",2022-11-05,04:37:44,"Amazing Thailand","Short Trail Race"
"223","41",351,"Nádia CASTELEIRO","POR","Female",2022-11-05,04:37:47,"Amazing Thailand","Short Trail Race"
"224","42",309,"Patricia Ariela COBI VELASQUEZ","CHI","Female",2022-11-05,04:37:56,"Amazing Thailand","Short Trail Race"
"225","43",353,"Lina KOTT HELANDER","SWE","Female",2022-11-05,04:39:14,"Amazing Thailand","Short Trail Race"
"226","44",307,"Amy DANIEL","AUS","Female",2022-11-05,04:40:57,"Amazing Thailand","Short Trail Race"
"227","45",337,"Irita PUĶĪTE","LAT","Female",2022-11-05,04:42:14,"Amazing Thailand","Short Trail Race"
"228","46",316,"Magaly BONILLA","ECU","Female",2022-11-05,04:44:54,"Amazing Thailand","Short Trail Race"
"229","47",314,"Laura HULGAARD","DEN","Female",2022-11-05,04:45:45,"Amazing Thailand","Short Trail Race"
"230","48",303,"Veronica Palmira FILIPPA","ARG","Female",2022-11-05,04:46:30,"Amazing Thailand","Short Trail Race"
"231","49",302,"Maria Paula GALINDEZ","ARG","Female",2022-11-05,04:48:06,"Amazing Thailand","Short Trail Race"
"232","50",315,"Amalie BENGTSSON","DEN","Female",2022-11-05,04:50:25,"Amazing Thailand","Short Trail Race"
"233","51",347,"Jessica CAMPBELL","NZL","Female",2022-11-05,04:51:03,"Amazing Thailand","Short Trail Race"
"234","52",379,"Jeanette Macarena CAYUQUEO DOMIHAUL","CHI","Female",2022-11-05,04:57:27,"Amazing Thailand","Short Trail Race"
"235","53",346,"Anne Marie JOHN","MRI","Female",2022-11-05,04:58:03,"Amazing Thailand","Short Trail Race"
"236","54",308,"Kelsey LEPARD","CAN","Female",2022-11-05,04:58:08,"Amazing Thailand","Short Trail Race"
"237","55",331,"Iris Anna SKULADOTTIR","ISL","Female",2022-11-05,05:01:08,"Amazing Thailand","Short Trail Race"
"238","56",358,"Darika SUWANMONGKOL","THA","Female",2022-11-05,05:06:56,"Amazing Thailand","Short Trail Race"
"239","57",370,"Michelle MERLIS","USA","Female",2022-11-05,05:07:31,"Amazing Thailand","Short Trail Race"
"240","58",361,"Nisachon MORGAN","THA","Female",2022-11-05,05:09:26,"Amazing Thailand","Short Trail Race"
"241","59",330,"Sigthora Brynja KRISTJANSDOTTIR","ISL","Female",2022-11-05,05:13:47,"Amazing Thailand","Short Trail Race"
"242","60",364,"Valentyna HORBAN","UKR","Female",2022-11-05,05:17:13,"Amazing Thailand","Short Trail Race"
"243","61",305,"Veronica GALVAN","ARG","Female",2022-11-05,05:21:27,"Amazing Thailand","Short Trail Race"
"244","62",362,"Keerati TEPINTA","THA","Female",2022-11-05,05:22:32,"Amazing Thailand","Short Trail Race"
"245","63",377,"Erika ACOSTA","VEN","Female",2022-11-05,05:33:32,"Amazing Thailand","Short Trail Race"
"246","64",328,"Nuraini SITI","INA","Female",2022-11-05,05:38:37,"Amazing Thailand","Short Trail Race"
"247","65",340,"Liāna GINELA","LAT","Female",2022-11-05,05:45:40,"Amazing Thailand","Short Trail Race"
"248","66",339,"Lita DZELME","LAT","Female",2022-11-05,05:47:52,"Amazing Thailand","Short Trail Race"
"249","67",342,"Edita KRUŠINSKIENĖ","LTU","Female",2022-11-05,05:51:37,"Amazing Thailand","Short Trail Race"
"250","68",341,"Inga AUKŠTUOLYTĖ","LTU","Female",2022-11-05,06:03:56,"Amazing Thailand","Short Trail Race"
"251","69",338,"Dana MAČTAMA","LAT","Female",2022-11-05,06:05:56,"Amazing Thailand","Short Trail Race"
"252","70",344,"Ramunė PETRULYTĖ","LTU","Female",2022-11-05,06:12:05,"Amazing Thailand","Short Trail Race"
"253","71",359,"Wipawee PRATUMSUWAN","THA","Female",2022-11-05,06:21:07,"Amazing Thailand","Short Trail Race"
"254","72",360,"Yupa SAELEE","THA","Female",2022-11-05,06:21:09,"Amazing Thailand","Short Trail Race"
"255","73",343,"Agnė MATAITYTĖ","LTU","Female",2022-11-05,06:38:58,"Amazing Thailand","Short Trail Race"
"256","74",345,"Jassica Binti LINTANGA","MAS","Female",2022-11-05,06:55:24,"Amazing Thailand","Short Trail Race"
"257","DNF",354,"Sanna KOTT HELANDER","SWE","Female",2022-11-05,NA,"Amazing Thailand","Short Trail Race"
"258","DNS",375,"Allie MCLAUGHLIN","USA","Female",2022-11-05,NA,"Amazing Thailand","Short Trail Race"
"259","DNS",376,"Lauren GREGORY","USA","Female",2022-11-05,NA,"Amazing Thailand","Short Trail Race"
"260","1",462,"Stian Hovind ANGERMUND","NOR","Male",2022-11-05,03:08:29,"Amazing Thailand","Short Trail Race"
"261","2",445,"Francesco PUPPI","ITA","Male",2022-11-05,03:11:48,"Amazing Thailand","Short Trail Race"
"262","3",484,"Jonathan ALBON","GBR","Male",2022-11-05,03:13:06,"Amazing Thailand","Short Trail Race"
"263","4",488,"Max KING","USA","Male",2022-11-05,03:17:31,"Amazing Thailand","Short Trail Race"
"264","5",486,"Kristian JONES","GBR","Male",2022-11-05,03:17:48,"Amazing Thailand","Short Trail Race"
"265","6",431,"Thomas CARDIN","FRA","Male",2022-11-05,03:19:31,"Amazing Thailand","Short Trail Race"
"266","7",446,"Andrea ROTA","ITA","Male",2022-11-05,03:19:57,"Amazing Thailand","Short Trail Race"
"267","8",469,"Bogdan DAMIAN","ROU","Male",2022-11-05,03:19:59,"Amazing Thailand","Short Trail Race"
"268","9",424,"Antonio MARTINEZ PEREZ","ESP","Male",2022-11-05,03:21:35,"Amazing Thailand","Short Trail Race"
"269","10",444,"Christian MINOGGIO","ITA","Male",2022-11-05,03:21:57,"Amazing Thailand","Short Trail Race"
"270","11",468,"Leonard Albert MITRICĂ","ROU","Male",2022-11-05,03:22:13,"Amazing Thailand","Short Trail Race"
"271","12",434,"Frédéric TRANCHAND","FRA","Male",2022-11-05,03:22:20,"Amazing Thailand","Short Trail Race"
"272","13",432,"Julien RANCON","FRA","Male",2022-11-05,03:24:03,"Amazing Thailand","Short Trail Race"
"273","14",421,"Zaid AIT MALEK OULKIS","ESP","Male",2022-11-05,03:25:53,"Amazing Thailand","Short Trail Race"
"274","15",433,"Timothée BOMMIER","FRA","Male",2022-11-05,03:27:46,"Amazing Thailand","Short Trail Race"
"275","16",460,"Moises MARTINEZ","MEX","Male",2022-11-05,03:28:47,"Amazing Thailand","Short Trail Race"
"276","17",430,"Kévin VERMEULEN","FRA","Male",2022-11-05,03:29:39,"Amazing Thailand","Short Trail Race"
"277","18",447,"Mattia GIANOLA","ITA","Male",2022-11-05,03:30:10,"Amazing Thailand","Short Trail Race"
"278","19",403,"Diego Ramon SIMON","ARG","Male",2022-11-05,03:31:08,"Amazing Thailand","Short Trail Race"
"279","20",401,"Joaquin NARVAEZ","ARG","Male",2022-11-05,03:31:32,"Amazing Thailand","Short Trail Race"
"280","21",443,"Martin DEMATTEIS","ITA","Male",2022-11-05,03:32:05,"Amazing Thailand","Short Trail Race"
"281","22",491,"Noah WILLIAMS","USA","Male",2022-11-05,03:33:22,"Amazing Thailand","Short Trail Race"
"282","23",492,"Zach MILLER","USA","Male",2022-11-05,03:34:07,"Amazing Thailand","Short Trail Race"
"283","24",419,"Tomáš KŘIVOHLÁVEK","CZE","Male",2022-11-05,03:35:08,"Amazing Thailand","Short Trail Race"
"284","25",485,"Billy CARTWRIGHT","GBR","Male",2022-11-05,03:36:27,"Amazing Thailand","Short Trail Race"
"285","26",423,"Ricardo CHERTA BALLESTER","ESP","Male",2022-11-05,03:37:08,"Amazing Thailand","Short Trail Race"
"286","27",418,"Vít PAVLIŠTA","CZE","Male",2022-11-05,03:37:14,"Amazing Thailand","Short Trail Race"
"287","28",466,"Pedro BARROS","POR","Male",2022-11-05,03:38:30,"Amazing Thailand","Short Trail Race"
"288","29",417,"Matěj ZIMA","CZE","Male",2022-11-05,03:39:16,"Amazing Thailand","Short Trail Race"
"289","30",471,"Cristian Marian MOȘOIU","ROU","Male",2022-11-05,03:39:33,"Amazing Thailand","Short Trail Race"
"290","31",474,"Roberto DELORENZI","SUI","Male",2022-11-05,03:39:40,"Amazing Thailand","Short Trail Race"
"291","32",407,"Vladislav IXEL","AUS","Male",2022-11-05,03:39:47,"Amazing Thailand","Short Trail Race"
"292","33",414,"Jeffrey CAMPBELL","CAN","Male",2022-11-05,03:40:06,"Amazing Thailand","Short Trail Race"
"293","34",429,"Arnaud BONIN","FRA","Male",2022-11-05,03:40:44,"Amazing Thailand","Short Trail Race"
"294","35",464,"Helio FUMO","POR","Male",2022-11-05,03:40:58,"Amazing Thailand","Short Trail Race"
"295","36",426,"Juho YLINEN","FIN","Male",2022-11-05,03:41:58,"Amazing Thailand","Short Trail Race"
"296","37",475,"Ruedi BECKER","SUI","Male",2022-11-05,03:42:57,"Amazing Thailand","Short Trail Race"
"297","38",416,"Nicolas Ignacio BENAVIDES BOHIE","CHI","Male",2022-11-05,03:43:25,"Amazing Thailand","Short Trail Race"
"298","39",490,"Joseph DEMOOR","USA","Male",2022-11-05,03:45:04,"Amazing Thailand","Short Trail Race"
"299","40",489,"Jonathan AZIZ","USA","Male",2022-11-05,03:45:46,"Amazing Thailand","Short Trail Race"
"300","41",402,"Ezequiel Alexis PAULUZAK","ARG","Male",2022-11-05,03:46:38,"Amazing Thailand","Short Trail Race"
"301","42",487,"Brennan TOWNSHEND","GBR","Male",2022-11-05,03:46:48,"Amazing Thailand","Short Trail Race"
"302","43",465,"Bruno SILVA","POR","Male",2022-11-05,03:47:23,"Amazing Thailand","Short Trail Race"
"303","44",425,"Raul ORTIZ CABELLO","ESP","Male",2022-11-05,03:48:21,"Amazing Thailand","Short Trail Race"
"304","45",420,"Max BODERSKOV","DEN","Male",2022-11-05,03:53:59,"Amazing Thailand","Short Trail Race"
"305","46",483,"Thomas ADAMS","GBR","Male",2022-11-05,03:54:21,"Amazing Thailand","Short Trail Race"
"306","47",404,"Juan Esteban LAS PEÑAS ROMANO","ARG","Male",2022-11-05,03:56:32,"Amazing Thailand","Short Trail Race"
"307","48",405,"Gaston Nicolas CAMBARERI","ARG","Male",2022-11-05,03:57:50,"Amazing Thailand","Short Trail Race"
"308","49",436,"Kok Wai TSE","HKG","Male",2022-11-05,03:58:13,"Amazing Thailand","Short Trail Race"
"309","50",442,"Luca CAGNATI","ITA","Male",2022-11-05,04:00:29,"Amazing Thailand","Short Trail Race"
"310","51",463,"John Ray Galutera ONIFA","PHI","Male",2022-11-05,04:00:57,"Amazing Thailand","Short Trail Race"
"311","52",406,"Aidan HOBBS","AUS","Male",2022-11-05,04:01:42,"Amazing Thailand","Short Trail Race"
"312","53",449,"Toms KOMASS","LAT","Male",2022-11-05,04:03:54,"Amazing Thailand","Short Trail Race"
"313","54",470,"Alin Ionuț ZINCĂ","ROU","Male",2022-11-05,04:06:43,"Amazing Thailand","Short Trail Race"
"314","55",448,"Rui UEDA","JPN","Male",2022-11-05,04:07:08,"Amazing Thailand","Short Trail Race"
"315","56",435,"Fuk Cheung TSANG","HKG","Male",2022-11-05,04:11:24,"Amazing Thailand","Short Trail Race"
"316","57",457,"Louis Liraud FLORE","MRI","Male",2022-11-05,04:13:10,"Amazing Thailand","Short Trail Race"
"317","58",461,"Ryan CARR","NZL","Male",2022-11-05,04:13:38,"Amazing Thailand","Short Trail Race"
"318","59",415,"Calum NEFF","CAN","Male",2022-11-05,04:14:32,"Amazing Thailand","Short Trail Race"
"319","60",409,"John ELLIS","AUS","Male",2022-11-05,04:14:41,"Amazing Thailand","Short Trail Race"
"320","61",410,"Andreas ROIS","AUT","Male",2022-11-05,04:18:15,"Amazing Thailand","Short Trail Race"
"321","62",477,"Tanapong CHANKRACHANG","THA","Male",2022-11-05,04:19:42,"Amazing Thailand","Short Trail Race"
"322","63",412,"Mathieu LENG","CAM","Male",2022-11-05,04:23:11,"Amazing Thailand","Short Trail Race"
"323","64",439,"Sampathkumar SUBRAMANIAN","IND","Male",2022-11-05,04:23:41,"Amazing Thailand","Short Trail Race"
"324","65",456,"Louis Renaldo Zoe THOMAS","MRI","Male",2022-11-05,04:24:30,"Amazing Thailand","Short Trail Race"
"325","66",413,"Dany RACINE","CAN","Male",2022-11-05,04:31:01,"Amazing Thailand","Short Trail Race"
"326","67",437,"Halldor Hermann JONSSON","ISL","Male",2022-11-05,04:31:57,"Amazing Thailand","Short Trail Race"
"327","68",458,"Madeo ITTOO","MRI","Male",2022-11-05,04:31:59,"Amazing Thailand","Short Trail Race"
"328","69",478,"Patikarn PECHSRICHA","THA","Male",2022-11-05,04:32:11,"Amazing Thailand","Short Trail Race"
"329","70",408,"Nicholas MUXLOW","AUS","Male",2022-11-05,04:34:11,"Amazing Thailand","Short Trail Race"
"330","71",453,"Justinas VAIŽMUŽYS","LTU","Male",2022-11-05,04:34:41,"Amazing Thailand","Short Trail Race"
"331","72",438,"Thorolfur Ingi THORSSON","ISL","Male",2022-11-05,04:36:24,"Amazing Thailand","Short Trail Race"
"332","73",479,"Phattharaphon NOIMOR","THA","Male",2022-11-05,04:36:53,"Amazing Thailand","Short Trail Race"
"333","74",450,"Alvis DANOVSKIS","LAT","Male",2022-11-05,04:37:26,"Amazing Thailand","Short Trail Race"
"334","75",455,"Romain Fabien BAYOL","MRI","Male",2022-11-05,04:37:37,"Amazing Thailand","Short Trail Race"
"335","76",441,"Putra Katume ADE","INA","Male",2022-11-05,04:37:44,"Amazing Thailand","Short Trail Race"
"336","77",440,"Kieren DSOUZA","IND","Male",2022-11-05,04:43:25,"Amazing Thailand","Short Trail Race"
"337","78",454,"Gustin Bin THIAM","MAS","Male",2022-11-05,04:46:46,"Amazing Thailand","Short Trail Race"
"338","79",480,"Kittipat CHOTCHINDAKUN","THA","Male",2022-11-05,04:50:18,"Amazing Thailand","Short Trail Race"
"339","80",452,"Marius DIJOKAS","LTU","Male",2022-11-05,04:56:12,"Amazing Thailand","Short Trail Race"
"340","81",481,"Surasak SOMBOON","THA","Male",2022-11-05,04:57:13,"Amazing Thailand","Short Trail Race"
"341","82",482,"Narathip CHANWANG","THA","Male",2022-11-05,04:59:34,"Amazing Thailand","Short Trail Race"
"342","83",451,"Simonas BARTKUS","LTU","Male",2022-11-05,06:19:14,"Amazing Thailand","Short Trail Race"
"343","84",411,"Jean-Jacques MOK","CAM","Male",2022-11-05,06:36:30,"Amazing Thailand","Short Trail Race"
"344","DNF",473,"Sebastian LJUNGDAHL","SWE","Male",2022-11-05,NA,"Amazing Thailand","Short Trail Race"
"345","DNS",422,"Oriol CARDONA COLL","ESP","Male",2022-11-05,NA,"Amazing Thailand","Short Trail Race"
"346","DNS",459,"Miguel Angel GARCIA","MEX","Male",2022-11-05,NA,"Amazing Thailand","Short Trail Race"
"347","DNS",467,"Dário MOITOSO","POR","Male",2022-11-05,NA,"Amazing Thailand","Short Trail Race"
"348","DNS",476,"Martin ANTHAMATTEN","SUI","Male",2022-11-05,NA,"Amazing Thailand","Short Trail Race"
"349","DNS",493,"Daniel CURTS","USA","Male",2022-11-05,NA,"Amazing Thailand","Short Trail Race"
"350","DNS",494,"Cameron SMITH","USA","Male",2022-11-05,NA,"Amazing Thailand","Short Trail Race"
"351","1",560,"Allie MCLAUGHLIN","USA","Female",2022-11-04,00:55:15,"Amazing Thailand","Uphill Mountain Race"
"352","2",507,"Andrea MAYR","AUT","Female",2022-11-04,00:55:41,"Amazing Thailand","Uphill Mountain Race"
"353","3",544,"Maude MATHYS","SUI","Female",2022-11-04,00:56:00,"Amazing Thailand","Uphill Mountain Race"
"354","4",647,"Monica Madalina FLOREA","ROU","Female",2022-11-04,00:57:44,"Amazing Thailand","Uphill Mountain Race"
"355","5",517,"Onditz ITURBE ARGINZONIZ","ESP","Female",2022-11-04,00:57:56,"Amazing Thailand","Uphill Mountain Race"
"356","6",522,"Susanna SAAPUNKI","FIN","Female",2022-11-04,00:58:12,"Amazing Thailand","Uphill Mountain Race"
"357","7",528,"Elisa SORTINI","ITA","Female",2022-11-04,00:58:42,"Amazing Thailand","Uphill Mountain Race"
"358","8",523,"Christel DEWALLE","FRA","Female",2022-11-04,00:58:49,"Amazing Thailand","Uphill Mountain Race"
"359","9",515,"Tereza HROCHOVÁ","CZE","Female",2022-11-04,00:59:12,"Amazing Thailand","Uphill Mountain Race"
"360","10",526,"Hanna GROEBER","GER","Female",2022-11-04,00:59:27,"Amazing Thailand","Uphill Mountain Race"
"361","11",554,"Scout ADKIN","GBR","Female",2022-11-04,00:59:45,"Amazing Thailand","Uphill Mountain Race"
"362","12",562,"Lauren GREGORY","USA","Female",2022-11-04,01:00:06,"Amazing Thailand","Uphill Mountain Race"
"363","13",545,"Judith WYDER","SUI","Female",2022-11-04,01:00:15,"Amazing Thailand","Uphill Mountain Race"
"364","14",555,"Ruth JONES","GBR","Female",2022-11-04,01:00:55,"Amazing Thailand","Uphill Mountain Race"
"365","15",525,"Adeline MARTIN ROCHE","FRA","Female",2022-11-04,01:01:18,"Amazing Thailand","Uphill Mountain Race"
"366","16",556,"Holly PAGE","GBR","Female",2022-11-04,01:01:47,"Amazing Thailand","Uphill Mountain Race"
"367","17",541,"Silvia SCHWAIGER","SVK","Female",2022-11-04,01:01:47,"Amazing Thailand","Uphill Mountain Race"
"368","18",514,"Pavla SCHORNÁ MATYÁŠOVÁ","CZE","Female",2022-11-04,01:01:54,"Amazing Thailand","Uphill Mountain Race"
"369","19",537,"Anne Golden BERSAGEL","NOR","Female",2022-11-04,01:02:10,"Amazing Thailand","Uphill Mountain Race"
"370","20",559,"Kate AVERY","GBR","Female",2022-11-04,01:02:17,"Amazing Thailand","Uphill Mountain Race"
"371","21",529,"Gloria Rita Antonia GIUDICI","ITA","Female",2022-11-04,01:02:29,"Amazing Thailand","Uphill Mountain Race"
"372","22",524,"Clémentine GEOFFRAY","FRA","Female",2022-11-04,01:02:38,"Amazing Thailand","Uphill Mountain Race"
"373","23",527,"Valentina BELOTTI","ITA","Female",2022-11-04,01:02:47,"Amazing Thailand","Uphill Mountain Race"
"374","24",513,"Hana ŠVESTKOVÁ STRUŽKOVÁ","CZE","Female",2022-11-04,01:03:11,"Amazing Thailand","Uphill Mountain Race"
"375","25",546,"Selina BURCH","SUI","Female",2022-11-04,01:03:21,"Amazing Thailand","Uphill Mountain Race"
"376","26",565,"Rachel TOMAJCZYK","USA","Female",2022-11-04,01:03:44,"Amazing Thailand","Uphill Mountain Race"
"377","27",567,"Gabriela VEIGERTOVÁ","CZE","Female",2022-11-04,01:03:54,"Amazing Thailand","Uphill Mountain Race"
"378","28",519,"Maria ORDOÑEZ MARINA","ESP","Female",2022-11-04,01:04:21,"Amazing Thailand","Uphill Mountain Race"
"379","29",542,"Lina KOTT HELANDER","SWE","Female",2022-11-04,01:04:57,"Amazing Thailand","Uphill Mountain Race"
"380","30",510,"Kerri LABRECQUE","CAN","Female",2022-11-04,01:04:59,"Amazing Thailand","Uphill Mountain Race"
"381","31",540,"Joana SOARES","POR","Female",2022-11-04,01:05:02,"Amazing Thailand","Uphill Mountain Race"
"382","32",547,"Simone TROXLER","SUI","Female",2022-11-04,01:05:18,"Amazing Thailand","Uphill Mountain Race"
"383","33",539,"Monica Iren SOLVANG","NOR","Female",2022-11-04,01:05:18,"Amazing Thailand","Uphill Mountain Race"
"384","34",508,"Charlotte COTTON","BEL","Female",2022-11-04,01:05:36,"Amazing Thailand","Uphill Mountain Race"
"385","35",533,"Joyce NJERU","KEN","Female",2022-11-04,01:06:16,"Amazing Thailand","Uphill Mountain Race"
"386","36",505,"Louise SHARP","AUS","Female",2022-11-04,01:07:29,"Amazing Thailand","Uphill Mountain Race"
"387","37",538,"Anita Iversen LILLESKARE","NOR","Female",2022-11-04,01:07:37,"Amazing Thailand","Uphill Mountain Race"
"388","38",518,"Laia MONTOYA GARCIA","ESP","Female",2022-11-04,01:08:00,"Amazing Thailand","Uphill Mountain Race"
"389","39",532,"Yuri YOSHIZUMI","JPN","Female",2022-11-04,01:08:47,"Amazing Thailand","Uphill Mountain Race"
"390","40",501,"Maria Florencia MILANESI","ARG","Female",2022-11-04,01:09:36,"Amazing Thailand","Uphill Mountain Race"
"391","41",520,"Andrea RICO GONZÁLEZ","ESP","Female",2022-11-04,01:11:47,"Amazing Thailand","Uphill Mountain Race"
"392","42",504,"Elena STEPHENSON","AUS","Female",2022-11-04,01:11:48,"Amazing Thailand","Uphill Mountain Race"
"393","43",543,"Sanna KOTT HELANDER","SWE","Female",2022-11-04,01:11:55,"Amazing Thailand","Uphill Mountain Race"
"394","44",534,"Sarah DOUGLAS","NZL","Female",2022-11-04,01:12:06,"Amazing Thailand","Uphill Mountain Race"
"395","45",502,"Maria Belen SANCHEZ RUIZ","ARG","Female",2022-11-04,01:13:00,"Amazing Thailand","Uphill Mountain Race"
"396","46",511,"Jeanette Macarena CAYUQUEO DOMIHUAL","CHI","Female",2022-11-04,01:14:13,"Amazing Thailand","Uphill Mountain Race"
"397","47",536,"Kate MORRISON","NZL","Female",2022-11-04,01:14:51,"Amazing Thailand","Uphill Mountain Race"
"398","48",551,"Sasirada CHANPAENG","THA","Female",2022-11-04,01:17:33,"Amazing Thailand","Uphill Mountain Race"
"399","49",506,"Montanna MCAVOY","AUS","Female",2022-11-04,01:18:31,"Amazing Thailand","Uphill Mountain Race"
"400","50",535,"Eva PRINGLE","NZL","Female",2022-11-04,01:19:21,"Amazing Thailand","Uphill Mountain Race"
"401","51",550,"Natthaya THANARONNAWAT","THA","Female",2022-11-04,01:19:30,"Amazing Thailand","Uphill Mountain Race"
"402","52",503,"Ana Ailin FUNES","ARG","Female",2022-11-04,01:21:56,"Amazing Thailand","Uphill Mountain Race"
"403","53",566,"Dinaira GONZALEZ","VEN","Female",2022-11-04,01:25:46,"Amazing Thailand","Uphill Mountain Race"
"404","54",552,"Nampetch PORNTHARUKCHAROEN","THA","Female",2022-11-04,01:31:05,"Amazing Thailand","Uphill Mountain Race"
"405","55",553,"Muktapha CHANGHIN","THA","Female",2022-11-04,01:41:33,"Amazing Thailand","Uphill Mountain Race"
"406","DNF",530,"Alessia SCAINI","ITA","Female",2022-11-04,NA,"Amazing Thailand","Uphill Mountain Race"
"407","1",636,"Patrick KIPNGENO","KEN","Male",2022-11-04,00:46:51,"Amazing Thailand","Uphill Mountain Race"
"408","2",635,"Philemon KIRIAGO","KEN","Male",2022-11-04,00:48:24,"Amazing Thailand","Uphill Mountain Race"
"409","3",625,"Alejandro GARCIA  CARRILLO","ESP","Male",2022-11-04,00:49:03,"Amazing Thailand","Uphill Mountain Race"
"410","4",649,"Joey HADORN","SUI","Male",2022-11-04,00:49:09,"Amazing Thailand","Uphill Mountain Race"
"411","5",628,"Zak HANNA","IRL","Male",2022-11-04,00:49:32,"Amazing Thailand","Uphill Mountain Race"
"412","6",669,"Joseph GRAY","USA","Male",2022-11-04,00:49:39,"Amazing Thailand","Uphill Mountain Race"
"413","7",631,"Cesare MAESTRI","ITA","Male",2022-11-04,00:49:45,"Amazing Thailand","Uphill Mountain Race"
"414","8",630,"Xavier CHEVRIER","ITA","Male",2022-11-04,00:50:03,"Amazing Thailand","Uphill Mountain Race"
"415","9",619,"Marek CHRASCINA","CZE","Male",2022-11-04,00:50:03,"Amazing Thailand","Uphill Mountain Race"
"416","10",612,"Alexandre RICARD","CAN","Male",2022-11-04,00:50:04,"Amazing Thailand","Uphill Mountain Race"
"417","11",640,"Johan BUGGE","NOR","Male",2022-11-04,00:50:06,"Amazing Thailand","Uphill Mountain Race"
"418","12",648,"Jonas SOLDINI","SUI","Male",2022-11-04,00:50:31,"Amazing Thailand","Uphill Mountain Race"
"419","13",623,"Miquel CORBERA RUBIO","ESP","Male",2022-11-04,00:50:49,"Amazing Thailand","Uphill Mountain Race"
"420","14",613,"Remi LEROUX","CAN","Male",2022-11-04,00:50:56,"Amazing Thailand","Uphill Mountain Race"
"421","15",664,"Chris RICHARDS","GBR","Male",2022-11-04,00:51:04,"Amazing Thailand","Uphill Mountain Race"
"422","16",665,"Joe STEWARD","GBR","Male",2022-11-04,00:51:06,"Amazing Thailand","Uphill Mountain Race"
"423","17",632,"Andrea ROSTAN","ITA","Male",2022-11-04,00:51:28,"Amazing Thailand","Uphill Mountain Race"
"424","18",650,"Fabian AEBERSOLD","SUI","Male",2022-11-04,00:51:38,"Amazing Thailand","Uphill Mountain Race"
"425","19",620,"Jáchym KOVÁŘ","CZE","Male",2022-11-04,00:51:41,"Amazing Thailand","Uphill Mountain Race"
"426","20",670,"Cameron SMITH","USA","Male",2022-11-04,00:52:07,"Amazing Thailand","Uphill Mountain Race"
"427","21",626,"Oriol CARDONA COLL","ESP","Male",2022-11-04,00:52:12,"Amazing Thailand","Uphill Mountain Race"
"428","22",662,"Jacob ADKIN","GBR","Male",2022-11-04,00:52:23,"Amazing Thailand","Uphill Mountain Race"
"429","23",641,"Halfdan-Emil FÆRØ","NOR","Male",2022-11-04,00:52:29,"Amazing Thailand","Uphill Mountain Race"
"430","24",668,"Daniel CURTS","USA","Male",2022-11-04,00:52:42,"Amazing Thailand","Uphill Mountain Race"
"431","25",621,"Viktor ŠINÁGL","CZE","Male",2022-11-04,00:52:45,"Amazing Thailand","Uphill Mountain Race"
"432","26",651,"Pascal BUCHS","SUI","Male",2022-11-04,00:53:15,"Amazing Thailand","Uphill Mountain Race"
"433","27",633,"Toru MIYAHARA","JPN","Male",2022-11-04,00:53:29,"Amazing Thailand","Uphill Mountain Race"
"434","28",629,"Henri AYMONOD","ITA","Male",2022-11-04,00:53:43,"Amazing Thailand","Uphill Mountain Race"
"435","29",611,"Thibault TRIAILLE","BEL","Male",2022-11-04,00:53:47,"Amazing Thailand","Uphill Mountain Race"
"436","30",610,"Maximilien DRION DU CHAPOIS","BEL","Male",2022-11-04,00:53:51,"Amazing Thailand","Uphill Mountain Race"
"437","31",603,"Juan Ignacio REDOLATTI","ARG","Male",2022-11-04,00:53:55,"Amazing Thailand","Uphill Mountain Race"
"438","32",644,"Rui MUGA","POR","Male",2022-11-04,00:54:31,"Amazing Thailand","Uphill Mountain Race"
"439","33",643,"José CARVALHO","POR","Male",2022-11-04,00:54:57,"Amazing Thailand","Uphill Mountain Race"
"440","34",616,"Diego Ignacio DIAZ INOSTROZA","CHI","Male",2022-11-04,00:54:59,"Amazing Thailand","Uphill Mountain Race"
"441","35",642,"Øyvind HEIBERG SUNDBY","NOR","Male",2022-11-04,00:55:21,"Amazing Thailand","Uphill Mountain Race"
"442","36",624,"Guillermo ALBERT LIZANDRA","ESP","Male",2022-11-04,00:56:06,"Amazing Thailand","Uphill Mountain Race"
"443","37",614,"Kristopher SWANSON","CAN","Male",2022-11-04,00:57:27,"Amazing Thailand","Uphill Mountain Race"
"444","38",617,"Gabriel Halans MUÑOZ FLORES","CHI","Male",2022-11-04,00:57:35,"Amazing Thailand","Uphill Mountain Race"
"445","39",618,"Hugo Felipe CONTRERAS CAMPOS","CHI","Male",2022-11-04,00:58:15,"Amazing Thailand","Uphill Mountain Race"
"446","40",639,"Toby BACHELOR","NZL","Male",2022-11-04,00:58:19,"Amazing Thailand","Uphill Mountain Race"
"447","41",663,"Daniel HAWORTH","GBR","Male",2022-11-04,00:58:51,"Amazing Thailand","Uphill Mountain Race"
"448","42",622,"Oscar BASANTES","ECU","Male",2022-11-04,00:58:54,"Amazing Thailand","Uphill Mountain Race"
"449","43",645,"Paulo MACEDO","POR","Male",2022-11-04,00:58:58,"Amazing Thailand","Uphill Mountain Race"
"450","44",638,"Michael SUTTON","NZL","Male",2022-11-04,00:59:02,"Amazing Thailand","Uphill Mountain Race"
"451","45",606,"Jeremy HUNT","AUS","Male",2022-11-04,00:59:21,"Amazing Thailand","Uphill Mountain Race"
"452","46",601,"Matias Ramon ESPEJO","ARG","Male",2022-11-04,00:59:40,"Amazing Thailand","Uphill Mountain Race"
"453","47",615,"Shaun STEPHENS-WHALE","CAN","Male",2022-11-04,01:01:07,"Amazing Thailand","Uphill Mountain Race"
"454","48",602,"Kevin DURE","ARG","Male",2022-11-04,01:01:29,"Amazing Thailand","Uphill Mountain Race"
"455","49",646,"Tiago PEREIRA","POR","Male",2022-11-04,01:01:38,"Amazing Thailand","Uphill Mountain Race"
"456","50",607,"Jack POWELL","AUS","Male",2022-11-04,01:01:47,"Amazing Thailand","Uphill Mountain Race"
"457","51",655,"Sanchai NAMKHET","THA","Male",2022-11-04,01:02:08,"Amazing Thailand","Uphill Mountain Race"
"458","52",608,"James MINTO","AUS","Male",2022-11-04,01:02:10,"Amazing Thailand","Uphill Mountain Race"
"459","53",605,"Mark BOURNE","AUS","Male",2022-11-04,01:02:53,"Amazing Thailand","Uphill Mountain Race"
"460","54",634,"Ryunosuke OMI","JPN","Male",2022-11-04,01:03:28,"Amazing Thailand","Uphill Mountain Race"
"461","55",604,"Juan Manuel SANCHEZ QUIROGA","ARG","Male",2022-11-04,01:04:50,"Amazing Thailand","Uphill Mountain Race"
"462","56",654,"Boonthung SRISANG","THA","Male",2022-11-04,01:07:09,"Amazing Thailand","Uphill Mountain Race"
"463","57",656,"Soda ARTHIT","THA","Male",2022-11-04,01:09:43,"Amazing Thailand","Uphill Mountain Race"
"464","58",609,"Gaetan PIETTE","BEL","Male",2022-11-04,01:37:08,"Amazing Thailand","Uphill Mountain Race"
"465","DNF",637,"Jasper BOOT","NED","Male",2022-11-04,NA,"Amazing Thailand","Uphill Mountain Race"
"466","DNS",659,"Victor KWEMBOI","UGA","Male",2022-11-04,NA,"Amazing Thailand","Uphill Mountain Race"
"467","DNS",674,"Dejan ANGELOSKI","MKD","Male",2022-11-04,NA,"Amazing Thailand","Uphill Mountain Race"
"468","1",761,"Rebecca CHEPTEGEI","UGA","Female",2022-11-06,00:46:25,"Amazing Thailand","Up and Downhill Mountain Race"
"469","2",760,"Annet Chemengich CHELANGAT","UGA","Female",2022-11-06,00:46:52,"Amazing Thailand","Up and Downhill Mountain Race"
"470","3",772,"Allie MCLAUGHLIN","USA","Female",2022-11-06,00:48:31,"Amazing Thailand","Up and Downhill Mountain Race"
"471","4",748,"Monica Madalina FLOREA","ROU","Female",2022-11-06,00:49:12,"Amazing Thailand","Up and Downhill Mountain Race"
"472","5",763,"Scout ADKIN","GBR","Female",2022-11-06,00:50:19,"Amazing Thailand","Up and Downhill Mountain Race"
"473","6",752,"Judith WYDER","SUI","Female",2022-11-06,00:50:36,"Amazing Thailand","Up and Downhill Mountain Race"
"474","7",731,"Hanna GROEBER","GER","Female",2022-11-06,00:50:49,"Amazing Thailand","Up and Downhill Mountain Race"
"475","8",765,"Holly PAGE","GBR","Female",2022-11-06,00:50:52,"Amazing Thailand","Up and Downhill Mountain Race"
"476","9",721,"Onditz ITURBE ARGINZONIZ","ESP","Female",2022-11-06,00:50:57,"Amazing Thailand","Up and Downhill Mountain Race"
"477","10",730,"Adeline MARTIN ROCHE","FRA","Female",2022-11-06,00:51:01,"Amazing Thailand","Up and Downhill Mountain Race"
"478","11",719,"Tereza HROCHOVÁ","CZE","Female",2022-11-06,00:51:09,"Amazing Thailand","Up and Downhill Mountain Race"
"479","12",726,"Susanna SAAPUNKI","FIN","Female",2022-11-06,00:51:16,"Amazing Thailand","Up and Downhill Mountain Race"
"480","13",751,"Maude MATHYS","SUI","Female",2022-11-06,00:51:31,"Amazing Thailand","Up and Downhill Mountain Race"
"481","14",734,"Sara BOTTARELLI","ITA","Female",2022-11-06,00:52:01,"Amazing Thailand","Up and Downhill Mountain Race"
"482","15",754,"Rea ISELI","SUI","Female",2022-11-06,00:52:04,"Amazing Thailand","Up and Downhill Mountain Race"
"483","16",729,"Marie NIVET","FRA","Female",2022-11-06,00:52:06,"Amazing Thailand","Up and Downhill Mountain Race"
"484","17",718,"Pavla SCHORNÁ MATYÁŠOVÁ","CZE","Female",2022-11-06,00:52:10,"Amazing Thailand","Up and Downhill Mountain Race"
"485","18",736,"Alice GAGGI","ITA","Female",2022-11-06,00:52:17,"Amazing Thailand","Up and Downhill Mountain Race"
"486","19",771,"Rachel TOMAJCZYK","USA","Female",2022-11-06,00:52:23,"Amazing Thailand","Up and Downhill Mountain Race"
"487","20",702,"Chiara MAINETTI","ARG","Female",2022-11-06,00:52:24,"Amazing Thailand","Up and Downhill Mountain Race"
"488","21",733,"Sarah MCCORMACK","IRL","Female",2022-11-06,00:52:47,"Amazing Thailand","Up and Downhill Mountain Race"
"489","22",728,"Clémentine GEOFFRAY","FRA","Female",2022-11-06,00:53:03,"Amazing Thailand","Up and Downhill Mountain Race"
"490","23",770,"Corey DOWE","USA","Female",2022-11-06,00:53:19,"Amazing Thailand","Up and Downhill Mountain Race"
"491","24",750,"Silvia SCHWAIGER","SVK","Female",2022-11-06,00:53:29,"Amazing Thailand","Up and Downhill Mountain Race"
"492","25",766,"Naomi LANG","GBR","Female",2022-11-06,00:53:53,"Amazing Thailand","Up and Downhill Mountain Race"
"493","26",764,"Kate AVERY","GBR","Female",2022-11-06,00:53:55,"Amazing Thailand","Up and Downhill Mountain Race"
"494","27",738,"Valeria ROFFINO","ITA","Female",2022-11-06,00:54:12,"Amazing Thailand","Up and Downhill Mountain Race"
"495","28",747,"Ingrid MUTTER","ROU","Female",2022-11-06,00:54:25,"Amazing Thailand","Up and Downhill Mountain Race"
"496","29",706,"Elena STEPHENSON","AUS","Female",2022-11-06,00:54:27,"Amazing Thailand","Up and Downhill Mountain Race"
"497","30",701,"Rosa Liliana GODOY","ARG","Female",2022-11-06,00:54:31,"Amazing Thailand","Up and Downhill Mountain Race"
"498","31",727,"Christel DEWALLE","FRA","Female",2022-11-06,00:54:32,"Amazing Thailand","Up and Downhill Mountain Race"
"499","32",739,"Vivien BONZI","ITA","Female",2022-11-06,00:54:44,"Amazing Thailand","Up and Downhill Mountain Race"
"500","33",723,"Maria ORDOÑEZ MARINA","ESP","Female",2022-11-06,00:55:01,"Amazing Thailand","Up and Downhill Mountain Race"
"501","34",740,"Yuri YOSHIZUMI","JPN","Female",2022-11-06,00:55:04,"Amazing Thailand","Up and Downhill Mountain Race"
"502","35",746,"Monica Iren SOLVANG","NOR","Female",2022-11-06,00:55:18,"Amazing Thailand","Up and Downhill Mountain Race"
"503","36",745,"Anita Iversen LILLESKARE","NOR","Female",2022-11-06,00:56:05,"Amazing Thailand","Up and Downhill Mountain Race"
"504","36",776,"Gabriela VEIGERTOVÁ","CZE","Female",2022-11-06,00:56:05,"Amazing Thailand","Up and Downhill Mountain Race"
"505","38",717,"Hana ŠVESTKOVÁ STRUŽKOVÁ","CZE","Female",2022-11-06,00:56:06,"Amazing Thailand","Up and Downhill Mountain Race"
"506","39",722,"Laia MONTOYA GARCIA","ESP","Female",2022-11-06,00:56:12,"Amazing Thailand","Up and Downhill Mountain Race"
"507","40",769,"Samantha LEWIS","USA","Female",2022-11-06,00:56:24,"Amazing Thailand","Up and Downhill Mountain Race"
"508","41",744,"Anne Golden BERSAGEL","NOR","Female",2022-11-06,00:57:22,"Amazing Thailand","Up and Downhill Mountain Race"
"509","42",707,"Montanna MCAVOY","AUS","Female",2022-11-06,00:57:27,"Amazing Thailand","Up and Downhill Mountain Race"
"510","43",714,"Shannon PENWAY","CAN","Female",2022-11-06,00:57:32,"Amazing Thailand","Up and Downhill Mountain Race"
"511","44",709,"Charlotte COTTON","BEL","Female",2022-11-06,00:57:33,"Amazing Thailand","Up and Downhill Mountain Race"
"512","45",705,"Simone BRICK","AUS","Female",2022-11-06,00:57:51,"Amazing Thailand","Up and Downhill Mountain Race"
"513","46",703,"Fernanda Erica MARTINEZ","ARG","Female",2022-11-06,00:58:04,"Amazing Thailand","Up and Downhill Mountain Race"
"514","47",743,"Sarah DOUGLAS","NZL","Female",2022-11-06,00:59:35,"Amazing Thailand","Up and Downhill Mountain Race"
"515","48",710,"Laurie PHAI","CAM","Female",2022-11-06,00:59:41,"Amazing Thailand","Up and Downhill Mountain Race"
"516","49",724,"Andrea RICO GONZÁLEZ","ESP","Female",2022-11-06,00:59:47,"Amazing Thailand","Up and Downhill Mountain Race"
"517","50",742,"Yadira FRANCO","MEX","Female",2022-11-06,01:00:35,"Amazing Thailand","Up and Downhill Mountain Race"
"518","51",715,"Cristina Isabel BARRIGA CATELICAN","CHI","Female",2022-11-06,01:00:40,"Amazing Thailand","Up and Downhill Mountain Race"
"519","52",774,"Paola MARTINEZ","VEN","Female",2022-11-06,01:02:16,"Amazing Thailand","Up and Downhill Mountain Race"
"520","53",756,"Woraphan NUANLSRI","THA","Female",2022-11-06,01:02:37,"Amazing Thailand","Up and Downhill Mountain Race"
"521","54",753,"Selina BURCH","SUI","Female",2022-11-06,01:05:16,"Amazing Thailand","Up and Downhill Mountain Race"
"522","55",775,"Dinaira GONZALEZ","VEN","Female",2022-11-06,01:08:11,"Amazing Thailand","Up and Downhill Mountain Race"
"523","56",759,"Natthaya THANARONNAWAT","THA","Female",2022-11-06,01:10:39,"Amazing Thailand","Up and Downhill Mountain Race"
"524","57",757,"Jetnipit RUANGMAK","THA","Female",2022-11-06,01:13:08,"Amazing Thailand","Up and Downhill Mountain Race"
"525","58",711,"Aline SENG","CAM","Female",2022-11-06,01:14:11,"Amazing Thailand","Up and Downhill Mountain Race"
"526","59",712,"Muyngim ENG","CAM","Female",2022-11-06,01:17:08,"Amazing Thailand","Up and Downhill Mountain Race"
"527","60",758,"Krittika HOUNGSUWANNAKORN","THA","Female",2022-11-06,01:18:02,"Amazing Thailand","Up and Downhill Mountain Race"
"528","61",704,"Silvia Adriana GONZALEZ VICTORICA","ARG","Female",2022-11-06,01:44:09,"Amazing Thailand","Up and Downhill Mountain Race"
"529","DNF",713,"Sasha GOLLISH","CAN","Female",2022-11-06,NA,"Amazing Thailand","Up and Downhill Mountain Race"
"530","DNF",741,"Joyce NJERU","KEN","Female",2022-11-06,NA,"Amazing Thailand","Up and Downhill Mountain Race"
"531","DNF",762,"Rispa CHEROP","UGA","Female",2022-11-06,NA,"Amazing Thailand","Up and Downhill Mountain Race"
"532","DNS",732,"Vilma Maria ESCOTO RODRIGUEZ","HON","Female",2022-11-06,NA,"Amazing Thailand","Up and Downhill Mountain Race"
"533","DNS",749,"Denisa Ionela DRAGOMIR","ROU","Female",2022-11-06,NA,"Amazing Thailand","Up and Downhill Mountain Race"
"534","1",861,"Samuel KIBET","UGA","Male",2022-11-06,00:40:02,"Amazing Thailand","Up and Downhill Mountain Race"
"535","2",841,"Patrick KIPNGENO","KEN","Male",2022-11-06,00:40:12,"Amazing Thailand","Up and Downhill Mountain Race"
"536","3",860,"Timothy TOROITICH","UGA","Male",2022-11-06,00:40:26,"Amazing Thailand","Up and Downhill Mountain Race"
"537","4",660,"Leonard CHEMONGES","UGA","Male",2022-11-06,00:40:51,"Amazing Thailand","Up and Downhill Mountain Race"
"538","5",862,"Eliud CHEROP","UGA","Male",2022-11-06,00:41:27,"Amazing Thailand","Up and Downhill Mountain Race"
"539","6",824,"Andreu BLANES REIG","ESP","Male",2022-11-06,00:41:31,"Amazing Thailand","Up and Downhill Mountain Race"
"540","7",837,"Alberto VENDER","ITA","Male",2022-11-06,00:42:26,"Amazing Thailand","Up and Downhill Mountain Race"
"541","8",825,"Oriol CARDONA COLL","ESP","Male",2022-11-06,00:42:44,"Amazing Thailand","Up and Downhill Mountain Race"
"542","9",835,"Cesare MAESTRI","ITA","Male",2022-11-06,00:42:47,"Amazing Thailand","Up and Downhill Mountain Race"
"543","10",821,"Jáchym KOVÁŘ","CZE","Male",2022-11-06,00:42:48,"Amazing Thailand","Up and Downhill Mountain Race"
"544","11",820,"Marek CHRASCINA","CZE","Male",2022-11-06,00:42:57,"Amazing Thailand","Up and Downhill Mountain Race"
"545","12",831,"Théodore KLEIN","FRA","Male",2022-11-06,00:43:01,"Amazing Thailand","Up and Downhill Mountain Race"
"546","12",851,"Joey HADORN","SUI","Male",2022-11-06,00:43:01,"Amazing Thailand","Up and Downhill Mountain Race"
"547","14",834,"Xavier CHEVRIER","ITA","Male",2022-11-06,00:43:16,"Amazing Thailand","Up and Downhill Mountain Race"
"548","15",827,"Alejandro GARCIA  CARRILLO","ESP","Male",2022-11-06,00:43:23,"Amazing Thailand","Up and Downhill Mountain Race"
"549","16",873,"Daniel CURTS","USA","Male",2022-11-06,00:43:35,"Amazing Thailand","Up and Downhill Mountain Race"
"550","17",864,"Andrew DOUGLAS","GBR","Male",2022-11-06,00:43:39,"Amazing Thailand","Up and Downhill Mountain Race"
"551","18",843,"Everardo MORENO","MEX","Male",2022-11-06,00:43:41,"Amazing Thailand","Up and Downhill Mountain Race"
"552","19",826,"Miquel CORBERA RUBIO","ESP","Male",2022-11-06,00:43:44,"Amazing Thailand","Up and Downhill Mountain Race"
"553","20",847,"Halfdan-Emil FÆRØ","NOR","Male",2022-11-06,00:43:54,"Amazing Thailand","Up and Downhill Mountain Race"
"554","20",865,"Ross GOLLAN","GBR","Male",2022-11-06,00:43:54,"Amazing Thailand","Up and Downhill Mountain Race"
"555","22",822,"Viktor ŠINÁGL","CZE","Male",2022-11-06,00:43:58,"Amazing Thailand","Up and Downhill Mountain Race"
"556","23",830,"Baptiste FOURMONT","FRA","Male",2022-11-06,00:44:01,"Amazing Thailand","Up and Downhill Mountain Race"
"557","24",866,"Chris RICHARDS","GBR","Male",2022-11-06,00:44:08,"Amazing Thailand","Up and Downhill Mountain Race"
"558","25",850,"Jonas SOLDINI","SUI","Male",2022-11-06,00:44:10,"Amazing Thailand","Up and Downhill Mountain Race"
"559","26",842,"David SANTIAGO","MEX","Male",2022-11-06,00:44:11,"Amazing Thailand","Up and Downhill Mountain Race"
"560","27",808,"Maximilien DRION DU CHAPOIS","BEL","Male",2022-11-06,00:44:15,"Amazing Thailand","Up and Downhill Mountain Race"
"561","28",863,"Alexander CHEPELIN","GBR","Male",2022-11-06,00:44:22,"Amazing Thailand","Up and Downhill Mountain Race"
"562","29",836,"Daniel PATTIS","ITA","Male",2022-11-06,00:44:25,"Amazing Thailand","Up and Downhill Mountain Race"
"563","30",812,"Alexandre RICARD","CAN","Male",2022-11-06,00:44:29,"Amazing Thailand","Up and Downhill Mountain Race"
"564","31",832,"Killian ALLAIRE","FRA","Male",2022-11-06,00:44:36,"Amazing Thailand","Up and Downhill Mountain Race"
"565","32",814,"Remi LEROUX","CAN","Male",2022-11-06,00:45:01,"Amazing Thailand","Up and Downhill Mountain Race"
"566","33",838,"Toru MIYAHARA","JPN","Male",2022-11-06,00:45:08,"Amazing Thailand","Up and Downhill Mountain Race"
"567","33",853,"Pascal BUCHS","SUI","Male",2022-11-06,00:45:08,"Amazing Thailand","Up and Downhill Mountain Race"
"568","35",852,"Fabian AEBERSOLD","SUI","Male",2022-11-06,00:45:17,"Amazing Thailand","Up and Downhill Mountain Race"
"569","36",844,"Cesar Daniel GOMEZ","MEX","Male",2022-11-06,00:45:33,"Amazing Thailand","Up and Downhill Mountain Race"
"570","37",870,"Andy WACKER","USA","Male",2022-11-06,00:45:45,"Amazing Thailand","Up and Downhill Mountain Race"
"571","38",816,"Diego Ignacio DIAZ INOSTROZA","CHI","Male",2022-11-06,00:45:58,"Amazing Thailand","Up and Downhill Mountain Race"
"572","39",871,"Mason COPPI","USA","Male",2022-11-06,00:46:12,"Amazing Thailand","Up and Downhill Mountain Race"
"573","40",805,"Leo PETERSON","AUS","Male",2022-11-06,00:46:21,"Amazing Thailand","Up and Downhill Mountain Race"
"574","41",849,"Carlos LOPES","POR","Male",2022-11-06,00:47:04,"Amazing Thailand","Up and Downhill Mountain Race"
"575","42",872,"Morgan ELLIOTT","USA","Male",2022-11-06,00:47:16,"Amazing Thailand","Up and Downhill Mountain Race"
"576","43",817,"Gabriel Halans MUÑOZ FLORES","CHI","Male",2022-11-06,00:47:26,"Amazing Thailand","Up and Downhill Mountain Race"
"577","44",801,"Braian BURGOS","ARG","Male",2022-11-06,00:47:50,"Amazing Thailand","Up and Downhill Mountain Race"
"578","45",846,"Johan BUGGE","NOR","Male",2022-11-06,00:47:58,"Amazing Thailand","Up and Downhill Mountain Race"
"579","46",823,"Oscar BASANTES","ECU","Male",2022-11-06,00:48:04,"Amazing Thailand","Up and Downhill Mountain Race"
"580","47",818,"Hugo Felipe CONTRERAS CAMPOS","CHI","Male",2022-11-06,00:48:05,"Amazing Thailand","Up and Downhill Mountain Race"
"581","48",848,"Øyvind HEIBERG SUNDBY","NOR","Male",2022-11-06,00:48:17,"Amazing Thailand","Up and Downhill Mountain Race"
"582","49",809,"Thibault TRIAILLE","BEL","Male",2022-11-06,00:48:47,"Amazing Thailand","Up and Downhill Mountain Race"
"583","50",804,"Ezequiel Antonio LOPEZ","ARG","Male",2022-11-06,00:49:01,"Amazing Thailand","Up and Downhill Mountain Race"
"584","51",839,"Yamato YOSHINO","JPN","Male",2022-11-06,00:49:25,"Amazing Thailand","Up and Downhill Mountain Race"
"585","52",806,"Nathan PEARCE","AUS","Male",2022-11-06,00:49:34,"Amazing Thailand","Up and Downhill Mountain Race"
"586","53",859,"Sanchai NAMKHET","THA","Male",2022-11-06,00:49:36,"Amazing Thailand","Up and Downhill Mountain Race"
"587","54",813,"Shaun STEPHENS-WHALE","CAN","Male",2022-11-06,00:50:20,"Amazing Thailand","Up and Downhill Mountain Race"
"588","55",819,"Nicolas Ignacio BENAVIDES BOHIE","CHI","Male",2022-11-06,00:52:12,"Amazing Thailand","Up and Downhill Mountain Race"
"589","56",858,"Danchai PANKONG","THA","Male",2022-11-06,00:53:19,"Amazing Thailand","Up and Downhill Mountain Race"
"590","57",856,"Seksan JAKKAEW","THA","Male",2022-11-06,00:54:34,"Amazing Thailand","Up and Downhill Mountain Race"
"591","58",857,"Karn AUNREUN","THA","Male",2022-11-06,01:00:03,"Amazing Thailand","Up and Downhill Mountain Race"
"592","59",807,"Gaetan PIETTE","BEL","Male",2022-11-06,01:03:54,"Amazing Thailand","Up and Downhill Mountain Race"
"593","60",810,"Farrell HEDRICK","CAM","Male",2022-11-06,01:10:30,"Amazing Thailand","Up and Downhill Mountain Race"
"594","61",811,"Ammarith ANN","CAM","Male",2022-11-06,01:17:05,"Amazing Thailand","Up and Downhill Mountain Race"
"595","DNF",802,"Javier Adolfo CARRIQUEO","ARG","Male",2022-11-06,NA,"Amazing Thailand","Up and Downhill Mountain Race"
"596","DNF",803,"Nahuel Aurelio LUENGO","ARG","Male",2022-11-06,NA,"Amazing Thailand","Up and Downhill Mountain Race"
"597","DNF",829,"Sylvain CACHARD","FRA","Male",2022-11-06,NA,"Amazing Thailand","Up and Downhill Mountain Race"
"598","DNF",840,"Philemon KIRIAGO","KEN","Male",2022-11-06,NA,"Amazing Thailand","Up and Downhill Mountain Race"
"599","DNS",833,"Kelvin Josue GALLO","HON","Male",2022-11-06,NA,"Amazing Thailand","Up and Downhill Mountain Race"
"600","DNS",875,"Dejan ANGELOSKI","MKD","Male",2022-11-06,NA,"Amazing Thailand","Up and Downhill Mountain Race"
"601","1",923,"Jessica BAILEY","GBR","Female",2022-11-06,00:26:27,"Amazing Thailand","Junior Up and Downhill Mountain Race"
"602","2",924,"Rebecca FLAHERTY","GBR","Female",2022-11-06,00:27:45,"Amazing Thailand","Junior Up and Downhill Mountain Race"
"603","3",913,"Axelle VICARI","ITA","Female",2022-11-06,00:28:21,"Amazing Thailand","Junior Up and Downhill Mountain Race"
"604","4",926,"Ellen WEIR","GBR","Female",2022-11-06,00:28:28,"Amazing Thailand","Junior Up and Downhill Mountain Race"
"605","5",912,"Anna HOFER","ITA","Female",2022-11-06,00:28:32,"Amazing Thailand","Junior Up and Downhill Mountain Race"
"606","5",929,"Oakley OLSON","USA","Female",2022-11-06,00:28:32,"Amazing Thailand","Junior Up and Downhill Mountain Race"
"607","7",907,"Lili Anne BECK","FRA","Female",2022-11-06,00:28:59,"Amazing Thailand","Junior Up and Downhill Mountain Race"
"608","8",909,"Pauline TROCELLIER","FRA","Female",2022-11-06,00:29:13,"Amazing Thailand","Junior Up and Downhill Mountain Race"
"609","9",905,"Blanca BATLLE BUSQUET","ESP","Female",2022-11-06,00:29:17,"Amazing Thailand","Junior Up and Downhill Mountain Race"
"610","10",914,"Emily VUCEMILLO","ITA","Female",2022-11-06,00:29:52,"Amazing Thailand","Junior Up and Downhill Mountain Race"
"611","11",917,"Mariel SALAZAR","MEX","Female",2022-11-06,00:29:56,"Amazing Thailand","Junior Up and Downhill Mountain Race"
"612","12",906,"Gemma REBOLLO OSMA","ESP","Female",2022-11-06,00:29:58,"Amazing Thailand","Junior Up and Downhill Mountain Race"
"613","13",928,"Samantha BLAIR","USA","Female",2022-11-06,00:30:00,"Amazing Thailand","Junior Up and Downhill Mountain Race"
"614","14",908,"Nélie CLEMENT","FRA","Female",2022-11-06,00:30:23,"Amazing Thailand","Junior Up and Downhill Mountain Race"
"615","15",918,"Sonia GONZALEZ","MEX","Female",2022-11-06,00:30:33,"Amazing Thailand","Junior Up and Downhill Mountain Race"
"616","16",910,"Fannie SAPET","FRA","Female",2022-11-06,00:31:10,"Amazing Thailand","Junior Up and Downhill Mountain Race"
"617","17",919,"Sofia PEÑA","MEX","Female",2022-11-06,00:31:23,"Amazing Thailand","Junior Up and Downhill Mountain Race"
"618","18",901,"Shalom Eunice LESCANO","ARG","Female",2022-11-06,00:31:49,"Amazing Thailand","Junior Up and Downhill Mountain Race"
"619","18",925,"Emily GIBBINS","GBR","Female",2022-11-06,00:31:49,"Amazing Thailand","Junior Up and Downhill Mountain Race"
"620","20",930,"Willow LOTT","USA","Female",2022-11-06,00:32:15,"Amazing Thailand","Junior Up and Downhill Mountain Race"
"621","21",911,"Matilde BONINO","ITA","Female",2022-11-06,00:32:43,"Amazing Thailand","Junior Up and Downhill Mountain Race"
"622","22",903,"Ludmila Abigail SALGUERO","ARG","Female",2022-11-06,00:36:27,"Amazing Thailand","Junior Up and Downhill Mountain Race"
"623","23",922,"Nuttakamon MONMEOY","THA","Female",2022-11-06,00:37:53,"Amazing Thailand","Junior Up and Downhill Mountain Race"
"624","24",920,"Ravint WONGRATANAPHISAN","THA","Female",2022-11-06,00:38:05,"Amazing Thailand","Junior Up and Downhill Mountain Race"
"625","25",904,"Camila DE LA COLINA","ARG","Female",2022-11-06,00:38:26,"Amazing Thailand","Junior Up and Downhill Mountain Race"
"626","26",921,"Nattayada RUANPOR","THA","Female",2022-11-06,00:41:55,"Amazing Thailand","Junior Up and Downhill Mountain Race"
"627","1",980,"Leonard CHEMUTAI","UGA","Male",2022-11-06,00:21:07,"Amazing Thailand","Junior Up and Downhill Mountain Race"
"628","2",658,"Caleb Arap Musobo TUNGWET","UGA","Male",2022-11-06,00:21:44,"Amazing Thailand","Junior Up and Downhill Mountain Race"
"629","3",981,"Denis KIPLANGAT","UGA","Male",2022-11-06,00:22:18,"Amazing Thailand","Junior Up and Downhill Mountain Race"
"630","4",979,"Silas ROTICH","UGA","Male",2022-11-06,00:23:01,"Amazing Thailand","Junior Up and Downhill Mountain Race"
"631","5",984,"Finlay GRANT","GBR","Male",2022-11-06,00:23:26,"Amazing Thailand","Junior Up and Downhill Mountain Race"
"632","6",957,"Fabian VENERO JIMENEZ","ESP","Male",2022-11-06,00:23:28,"Amazing Thailand","Junior Up and Downhill Mountain Race"
"633","7",960,"Baptiste CARTIEAUX","FRA","Male",2022-11-06,00:23:29,"Amazing Thailand","Junior Up and Downhill Mountain Race"
"634","7",989,"Michael MAIORANO","USA","Male",2022-11-06,00:23:29,"Amazing Thailand","Junior Up and Downhill Mountain Race"
"635","9",967,"Elia MATTIO","ITA","Male",2022-11-06,00:23:51,"Amazing Thailand","Junior Up and Downhill Mountain Race"
"636","10",983,"Fraser GILMOUR","GBR","Male",2022-11-06,00:23:58,"Amazing Thailand","Junior Up and Downhill Mountain Race"
"637","11",961,"Pierre BOUDY","FRA","Male",2022-11-06,00:24:02,"Amazing Thailand","Junior Up and Downhill Mountain Race"
"638","12",958,"Marcos VILLAMUERA IZQUIERDO","ESP","Male",2022-11-06,00:24:03,"Amazing Thailand","Junior Up and Downhill Mountain Race"
"639","12",973,"Eduardo PICHARDO","MEX","Male",2022-11-06,00:24:03,"Amazing Thailand","Junior Up and Downhill Mountain Race"
"640","14",971,"Tomas REYES","MEX","Male",2022-11-06,00:24:07,"Amazing Thailand","Junior Up and Downhill Mountain Race"
"641","15",963,"Mélaine LE PALABE","FRA","Male",2022-11-06,00:24:28,"Amazing Thailand","Junior Up and Downhill Mountain Race"
"642","16",970,"Manuel SANTIAGO","MEX","Male",2022-11-06,00:24:29,"Amazing Thailand","Junior Up and Downhill Mountain Race"
"643","17",965,"Simone GIOLITTI","ITA","Male",2022-11-06,00:24:36,"Amazing Thailand","Junior Up and Downhill Mountain Race"
"644","18",972,"Miguel Angel LOPEZ","MEX","Male",2022-11-06,00:24:41,"Amazing Thailand","Junior Up and Downhill Mountain Race"
"645","19",985,"William LONGDEN","GBR","Male",2022-11-06,00:24:45,"Amazing Thailand","Junior Up and Downhill Mountain Race"
"646","20",962,"Antonin THEROND","FRA","Male",2022-11-06,00:24:46,"Amazing Thailand","Junior Up and Downhill Mountain Race"
"647","21",955,"Alvaro OSANZ LABORDA","ESP","Male",2022-11-06,00:24:50,"Amazing Thailand","Junior Up and Downhill Mountain Race"
"648","22",964,"Matteo BARDEA","ITA","Male",2022-11-06,00:24:52,"Amazing Thailand","Junior Up and Downhill Mountain Race"
"649","23",956,"Jan TORRELLA OLLER","ESP","Male",2022-11-06,00:24:56,"Amazing Thailand","Junior Up and Downhill Mountain Race"
"650","24",966,"Nicolò LORA MORETTO","ITA","Male",2022-11-06,00:25:01,"Amazing Thailand","Junior Up and Downhill Mountain Race"
"651","25",987,"Christian GROENDYK","USA","Male",2022-11-06,00:25:21,"Amazing Thailand","Junior Up and Downhill Mountain Race"
"652","26",982,"Edward CORDEN","GBR","Male",2022-11-06,00:26:04,"Amazing Thailand","Junior Up and Downhill Mountain Race"
"653","27",988,"Ignatius FITZGERALD","USA","Male",2022-11-06,00:26:07,"Amazing Thailand","Junior Up and Downhill Mountain Race"
"654","28",952,"Tomas Ariel LIFONA","ARG","Male",2022-11-06,00:26:36,"Amazing Thailand","Junior Up and Downhill Mountain Race"
"655","29",953,"Zack NEWSHAM","AUS","Male",2022-11-06,00:27:06,"Amazing Thailand","Junior Up and Downhill Mountain Race"
"656","30",990,"Dalton KAINES","USA","Male",2022-11-06,00:27:37,"Amazing Thailand","Junior Up and Downhill Mountain Race"
"657","31",974,"Benjamin RICKERBY","NZL","Male",2022-11-06,00:27:48,"Amazing Thailand","Junior Up and Downhill Mountain Race"
"658","32",975,"Pornchinrat JAMROON","THA","Male",2022-11-06,00:28:11,"Amazing Thailand","Junior Up and Downhill Mountain Race"
"659","33",951,"Diego REBOLLEDO","ARG","Male",2022-11-06,00:28:43,"Amazing Thailand","Junior Up and Downhill Mountain Race"
"660","34",954,"Toby LANG","AUS","Male",2022-11-06,00:29:46,"Amazing Thailand","Junior Up and Downhill Mountain Race"
"661","35",977,"Itthipon KOKTHONGKHAM","THA","Male",2022-11-06,00:32:27,"Amazing Thailand","Junior Up and Downhill Mountain Race"
"662","36",976,"Nubngern LAPPOONTAVEE","THA","Male",2022-11-06,00:33:02,"Amazing Thailand","Junior Up and Downhill Mountain Race"
"663","36",978,"Ittipat KODKAEW","THA","Male",2022-11-06,00:33:02,"Amazing Thailand","Junior Up and Downhill Mountain Race"
